Model,Accuracy,ROC AUC,F1 (weighted),Precision (weighted),Recall (weighted)
Logistic Regression,0.7882623705408516,0.8570966681187253,0.7882328479009775,0.788465323173789,0.7882623705408516
LDA,0.7882623705408516,0.8557010392106678,0.7882413734406869,0.7884128394457817,0.7882623705408516
QDA,0.8234752589182969,0.8817451865951824,0.8234702843466588,0.823496805285673,0.8234752589182969
Naive Bayes,0.789873417721519,0.8619206667491572,0.7897301559334552,0.7905832134346276,0.789873417721519
