Model,Accuracy,F1 (weighted)
Logistic Regression,0.3332566168009206,0.3229889890691784
LDA,0.3332566168009206,0.3230770618471389
QDA,0.32727272727272727,0.32354936350663255
Naive Bayes,0.3323360184119678,0.32538833830781744
