Model,Accuracy,F1 (weighted)
Logistic Regression,0.6400460299194476,0.6339181950171385
LDA,0.6386651323360184,0.6307445995933249
QDA,0.6552359033371692,0.6475734549487192
Naive Bayes,0.6246260069044879,0.6170689847046144
