Metric,Linear (OLS),Poisson
RMSE,102.68084910903097,92.0036318062771
MAE,75.85235963070289,61.486061879838516
AIC,157671.14865429953,520576.77348203014
BIC,157955.21068536144,520860.83551309205
