Metric,Linear (OLS),Poisson
RMSE,179.49978533523173,179.5001613873386
MAE,140.87927023815428,140.87900138345606
AIC,172668.82354032926,2263474.684504575
BIC,172766.00265621886,2263571.8636204647
