Metric,Linear (OLS),Poisson
RMSE,102.68084910903106,92.00363180627713
MAE,75.85235963070272,61.48606187983863
AIC,157671.14865429953,520576.77348203014
BIC,157955.21068536144,520860.83551309205
